Wed Aug 13 12:50:13 UTC 2025
Thu Aug 14 07:16:33 UTC 2025
Fri Aug 15 07:15:08 UTC 2025
Sat Aug 16 07:12:42 UTC 2025
Sun Aug 17 07:13:34 UTC 2025
Mon Aug 18 07:18:45 UTC 2025
Tue Aug 19 07:13:42 UTC 2025
Wed Aug 20 07:14:13 UTC 2025
Thu Aug 21 07:17:26 UTC 2025
Fri Aug 22 07:13:13 UTC 2025
Sat Aug 23 07:12:29 UTC 2025
Sun Aug 24 07:12:48 UTC 2025
Mon Aug 25 07:14:49 UTC 2025
Tue Aug 26 07:14:21 UTC 2025
Wed Aug 27 07:13:30 UTC 2025
Thu Aug 28 07:13:44 UTC 2025
Fri Aug 29 07:13:31 UTC 2025
Sat Aug 30 07:11:37 UTC 2025
Sun Aug 31 07:12:32 UTC 2025
Mon Sep  1 07:15:10 UTC 2025
Tue Sep  2 07:14:00 UTC 2025
Wed Sep  3 07:13:34 UTC 2025
Thu Sep  4 07:13:28 UTC 2025
Fri Sep  5 07:13:44 UTC 2025
Sat Sep  6 07:11:40 UTC 2025
Sun Sep  7 07:11:58 UTC 2025
Mon Sep  8 07:14:13 UTC 2025
Tue Sep  9 07:14:02 UTC 2025
Wed Sep 10 07:13:14 UTC 2025
Thu Sep 11 07:13:27 UTC 2025
Fri Sep 12 07:12:52 UTC 2025
Sat Sep 13 07:11:20 UTC 2025
Sun Sep 14 07:12:04 UTC 2025
Mon Sep 15 07:14:43 UTC 2025
Tue Sep 16 07:13:44 UTC 2025
Wed Sep 17 07:12:54 UTC 2025
Thu Sep 18 07:13:27 UTC 2025
Fri Sep 19 07:13:09 UTC 2025
Sat Sep 20 07:12:09 UTC 2025
Sun Sep 21 07:11:36 UTC 2025
Mon Sep 22 07:14:30 UTC 2025
Tue Sep 23 07:13:43 UTC 2025
Wed Sep 24 07:14:00 UTC 2025
Thu Sep 25 07:14:40 UTC 2025
Fri Sep 26 07:13:33 UTC 2025
Sat Sep 27 07:11:32 UTC 2025
Sun Sep 28 07:11:45 UTC 2025
Mon Sep 29 07:14:34 UTC 2025
Tue Sep 30 07:13:50 UTC 2025
Wed Oct  1 07:14:10 UTC 2025
Thu Oct  2 07:13:27 UTC 2025
Fri Oct  3 07:13:30 UTC 2025
Sat Oct  4 07:11:30 UTC 2025
Sun Oct  5 07:11:34 UTC 2025
Mon Oct  6 07:14:18 UTC 2025
Tue Oct  7 07:14:10 UTC 2025
Wed Oct  8 07:13:31 UTC 2025
Thu Oct  9 07:13:48 UTC 2025
Fri Oct 10 07:13:43 UTC 2025
Sat Oct 11 07:11:42 UTC 2025
Sun Oct 12 07:11:54 UTC 2025
Mon Oct 13 07:14:44 UTC 2025
Tue Oct 14 07:14:43 UTC 2025
Wed Oct 15 07:14:41 UTC 2025
Thu Oct 16 07:14:23 UTC 2025
Fri Oct 17 07:13:52 UTC 2025
Sat Oct 18 07:12:13 UTC 2025
Sun Oct 19 07:11:51 UTC 2025
Mon Oct 20 07:15:08 UTC 2025
Tue Oct 21 07:15:05 UTC 2025
Wed Oct 22 07:14:36 UTC 2025
Thu Oct 23 07:14:49 UTC 2025
Fri Oct 24 07:14:00 UTC 2025
Sat Oct 25 07:12:36 UTC 2025
Sun Oct 26 07:12:11 UTC 2025
Mon Oct 27 07:15:05 UTC 2025
Tue Oct 28 07:14:20 UTC 2025
Wed Oct 29 07:14:41 UTC 2025
Thu Oct 30 07:13:51 UTC 2025
